City_ID,City,Lat,Lng,Max Temp,Humidity,Cloudiness,Wind Speed,Country,Date
0,nagqu,31.5,92.0,-5.49,33,100,7.49,CN,1736750114
1,luderitz,-26.6481,15.1594,21.44,54,0,9.83,NA,1736750115
2,kirakira,-10.4544,161.9205,28.07,80,98,1.46,SB,1736750117
3,haiku-pauwela,20.9219,-156.3051,23.36,86,40,4.92,US,1736750118
4,port-aux-francais,-49.35,70.2167,5.31,78,49,19.8,TF,1736750116
5,mhango,-3.2833,32.85,24.48,62,10,0.66,TZ,1736750120
6,saipan,15.1355,145.701,31.39,78,40,6.17,MP,1736750122
7,aqsay,51.1678,52.995,-6.34,89,98,3.23,KZ,1736750123
8,loralai,30.3705,68.598,11.13,22,0,1.81,PK,1736750125
9,vuktyl,63.8567,57.3094,-14.54,98,100,1.23,RU,1736750126
10,isafjordur,66.0755,-23.124,-1.35,91,100,2.93,IS,1736750127
11,uvira,-3.4067,29.1458,26.32,66,91,1.6,CD,1736750130
12,prince rupert,54.3161,-130.3201,5.83,92,100,13.38,CA,1736750131
13,puerto natales,-51.7236,-72.4875,6.72,71,25,7.2,CL,1736750091
14,margaret river,-33.95,115.0667,20.54,63,0,4.96,AU,1736750134
15,grytviken,-54.2811,-36.5092,5.55,89,100,8.77,GS,1736750135
16,turgen,43.4006,77.5933,1.51,89,4,0.86,KZ,1736750137
17,sandnessjoen,66.0217,12.6316,3.06,87,75,14.92,NO,1736750138
18,utrik,11.2278,169.8474,26.52,80,100,10.19,MH,1736750139
19,tolanaro,-25.0319,46.9987,34.04,40,0,6.17,MG,1736750140
20,adamstown,-25.066,-130.1015,24.41,89,99,9.4,PN,1736750142
21,kuanda,56.3161,116.0806,-24.52,97,52,0.79,RU,1736750143
22,kodiak,57.79,-152.4072,5.73,65,100,5.66,US,1736750146
23,ust-nera,64.5667,143.2,-33.92,98,100,1.79,RU,1736750147
24,lihue,21.9789,-159.3672,22.77,83,75,5.66,US,1736750148
25,afaahiti,-17.75,-149.2833,26.3,83,100,12.44,PF,1736750150
26,fray luis a. beltran,-32.7912,-60.7282,21.98,61,0,4.12,AR,1736750152
27,papatowai,-46.5619,169.4708,13.75,69,21,4.68,NZ,1736750154
28,petropavlovsk-kamchatsky,53.0452,158.6483,-9.67,38,0,5.0,RU,1736750155
29,mil'kovo,55.6078,37.7956,-1.87,68,100,2.64,RU,1736750156
30,wailua homesteads,22.0669,-159.378,22.44,93,75,5.66,US,1736750158
31,iqaluit,63.7506,-68.5145,-17.15,78,100,5.14,CA,1736750159
32,salekhard,66.53,66.6019,-18.37,95,100,2.51,RU,1736750160
33,nouadhibou,20.931,-17.0347,14.99,47,0,4.63,MR,1736750162
34,ushuaia,-54.8,-68.3,4.81,81,75,6.69,AR,1736749912
35,waitangi,-43.9535,-176.5597,12.12,98,100,3.58,NZ,1736750164
36,jamestown,42.097,-79.2353,-1.1,87,100,5.66,US,1736750166
37,ilulissat,69.2167,-51.1,-32.58,97,84,2.87,GL,1736750168
38,constantia,44.1833,28.65,-0.62,61,97,5.76,RO,1736750046
39,hammerfest,70.6634,23.6821,-1.75,86,40,1.54,NO,1736750170
40,savonlinna,61.8699,28.88,-10.97,85,100,1.03,FI,1736750172
41,fada,7.25,4.0667,21.87,56,93,0.58,NG,1736750173
42,ishigaki,24.3448,124.1572,18.07,55,75,5.14,JP,1736750174
43,al khawr,25.7667,51.3167,20.96,57,0,7.51,QA,1736750176
44,strezhevoy,60.7333,77.5889,-5.21,89,100,6.27,RU,1736749934
45,invercargill,-46.4,168.35,18.34,68,100,4.02,NZ,1736750178
46,tura,25.5198,90.2201,24.43,30,7,2.6,IN,1736750180
47,bethel,41.3712,-73.414,0.9,73,100,0.89,US,1736750181
48,qarqaraly,49.4058,75.4742,-1.99,76,4,1.56,KZ,1736750182
49,yellowknife,62.456,-114.3525,-16.71,85,100,1.54,CA,1736750184
50,hermanus,-34.4187,19.2345,21.56,62,1,6.7,ZA,1736750185
51,carutapera,-1.195,-46.02,23.42,96,100,2.44,BR,1736750187
52,adrar,20.5022,-10.0711,13.04,20,0,3.6,MR,1736750188
53,kendari,-3.945,122.4989,30.34,64,48,3.15,ID,1736750189
54,albany,42.6001,-73.9662,-1.42,72,100,0.91,US,1736749832
55,port elizabeth,-33.918,25.5701,18.51,99,100,2.06,ZA,1736750192
56,edinburgh of the seven seas,-37.0676,-12.3116,18.09,97,100,8.32,SH,1736750193
57,daru,-9.0763,143.2092,28.73,80,100,2.29,PG,1736750195
58,new norfolk,-42.7826,147.0587,19.95,62,94,2.12,AU,1736750197
59,ixtapa,20.7,-105.2,19.01,79,0,1.18,MX,1736750199
60,las palmas,28.4204,-14.0131,17.44,72,75,7.72,ES,1736750200
61,lerwick,60.1545,-1.1494,9.18,90,100,13.73,GB,1736750124
62,korla,41.7597,86.1469,-5.07,62,0,0.83,CN,1736750203
63,laojunmiao,39.8333,97.7333,-6.26,36,100,3.95,CN,1736750204
64,hagere maryam,5.6333,38.2333,22.27,41,9,3.48,ET,1736750206
65,ribeira grande,38.5167,-28.7,18.76,95,100,10.28,PT,1736750207
66,nshamba,-1.7983,31.5511,23.6,52,23,0.79,TZ,1736750208
67,woolgoolga,-30.1106,153.2007,24.93,74,52,4.29,AU,1736750211
68,aweil,8.7682,27.4002,23.65,16,3,3.74,SS,1736750212
69,punta arenas,-53.15,-70.9167,5.06,81,75,6.17,CL,1736750131
70,blackmans bay,-43.0167,147.3167,19.29,82,85,0.45,AU,1736750215
71,codrington,-38.2667,141.9667,21.1,68,0,7.83,AU,1736750216
72,longyearbyen,78.2186,15.6401,-15.09,85,75,5.66,SJ,1736750218
73,moyynkum,44.2914,72.9469,1.41,52,0,7.19,KZ,1736750219
74,timmins,48.4669,-81.3331,-8.1,93,100,4.12,CA,1736750220
75,stanley,54.868,-1.6985,1.4,92,100,6.77,GB,1736750222
76,huilong,31.8111,121.655,11.28,30,98,3.07,CN,1736750223
77,kulebaki,55.4133,42.5325,-4.03,93,100,3.83,RU,1736750224
78,udachny,66.4167,112.4,-37.11,100,47,1.31,RU,1736750226
79,laguna,38.421,-121.4238,7.48,75,0,3.6,US,1736750227
80,kardzhali,41.65,25.3667,-1.38,97,100,3.86,BG,1736750228
81,xilin hot,43.9667,116.0333,-10.99,72,100,3.41,CN,1736750230
82,katsuura,35.1333,140.3,10.92,40,0,5.04,JP,1736750231
83,west island,-12.1568,96.8225,28.99,70,40,4.63,CC,1736750232
84,vikasnagar,30.4683,77.775,21.42,25,0,2.26,IN,1736750234
85,pyhajarvi,67.0701,27.2176,-3.64,89,100,4.81,FI,1736750235
86,vila franca do campo,37.7167,-25.4333,18.27,99,100,4.34,PT,1736750236
87,avarua,-21.2078,-159.775,25.03,73,75,2.57,CK,1736750238
88,hami,42.8,93.45,-2.6,48,61,4.3,CN,1736750239
89,stockheim,50.3,11.2667,-2.58,88,66,1.78,DE,1736750240
90,hadibu,12.65,54.0333,23.99,64,71,6.37,YE,1736750242
91,zhalantun,48.0,122.7167,-12.5,82,100,0.16,CN,1736750243
92,san antonio de pale,-1.4014,5.6325,26.25,81,100,3.92,GQ,1736750244
93,saint-francois,46.4154,3.9054,-6.31,93,0,1.54,FR,1736750245
94,douglas,41.3,-96.167,-11.79,79,0,2.57,US,1736750247
95,fale old settlement,-9.3852,-171.2468,27.85,79,100,7.34,TK,1736750248
96,mendi,-6.1761,143.6513,15.5,97,100,0.57,PG,1736750249
97,tsiombe,-25.3,45.4833,38.77,27,0,0.62,MG,1736750251
98,yayladagi,35.9025,36.0627,11.6,73,92,1.95,TR,1736750252
99,soio,-6.1349,12.3689,26.7,82,99,3.54,AO,1736750253
100,touros,-5.1989,-35.4608,25.16,84,100,2.44,BR,1736750255
101,booue,-0.0921,11.9385,25.43,82,75,1.88,GA,1736750256
102,fisterra,42.9049,-9.2629,12.14,54,100,4.43,ES,1736750258
103,colonia,50.9333,6.95,-2.27,91,0,2.06,DE,1736750004
104,cidreira,-30.1811,-50.2056,20.92,70,9,4.15,BR,1736750260
105,port mathurin,-19.6833,63.4167,26.07,72,5,7.61,MU,1736750262
106,sucre,-19.0333,-65.2627,11.03,89,100,1.44,BO,1736750049
107,tiksi,71.6872,128.8694,-35.25,100,100,1.22,RU,1736750264
108,likhoslavl',57.1275,35.464,-5.08,91,99,3.93,RU,1736750266
109,conde,-7.2597,-34.9075,26.7,89,40,1.54,BR,1736750267
110,bilibino,68.0546,166.4372,-28.53,99,100,1.25,RU,1736750268
111,qaqortoq,60.7167,-46.0333,-12.4,91,13,0.28,GL,1736750270
112,college,64.8569,-147.8028,3.99,60,75,5.14,US,1736750271
113,puerto carreno,6.189,-67.4859,26.99,69,0,5.81,CO,1736749980
114,east london,-33.0153,27.9116,18.52,94,100,2.57,ZA,1736750273
115,thinadhoo,0.5333,72.9333,27.72,73,97,2.69,MV,1736750275
116,callao,-12.0667,-77.15,22.07,83,0,4.63,PE,1736749984
117,olonkinbyen,70.9221,-8.7187,-3.5,92,100,15.17,SJ,1736750277
118,nova sintra,14.8667,-24.7167,23.39,69,0,8.41,CV,1736750279
119,keflavik,64.0049,-22.5624,3.24,93,0,4.12,IS,1736750280
120,bubaque,11.2833,-15.8333,24.77,45,6,4.54,GW,1736750281
121,mount pearl,47.5166,-52.7813,-0.02,92,100,7.2,CA,1736750283
122,iskateley,67.6803,53.1512,-12.86,94,78,7.96,RU,1736750284
123,tazovsky,67.4667,78.7,-18.85,100,97,2.83,RU,1736750285
124,howrah,22.5892,88.3103,25.0,50,0,2.06,IN,1736750245
125,magole,-6.3667,37.3667,25.58,81,100,1.05,TZ,1736750288
126,lebu,-37.6167,-73.65,13.71,81,0,8.36,CL,1736750289
127,gulf park estates,30.3919,-88.7611,12.01,93,100,5.66,US,1736750290
128,yershov,51.3513,48.2766,0.04,80,100,3.1,RU,1736750293
129,el bauga,18.262,33.9081,20.32,38,0,5.11,SD,1736750295
130,brisas de zicatela,15.8369,-97.0419,24.46,74,5,2.57,MX,1736750296
131,georgetown,5.4112,100.3354,27.96,65,20,5.66,MY,1736750195
132,tindouf,27.6711,-8.1474,8.25,66,0,4.63,DZ,1736750299
133,badger,64.8,-147.5333,3.95,65,0,5.14,US,1736750300
134,bredasdorp,-34.5322,20.0403,21.84,61,56,7.68,ZA,1736750301
135,hobyo,5.3505,48.5268,25.62,69,96,9.17,SO,1736750303
136,hermosillo,29.0667,-110.9667,11.03,42,0,1.54,MX,1736750304
137,mokopane,-24.1944,29.0097,19.2,95,100,2.31,ZA,1736750305
138,atafu village,-8.5421,-172.5159,28.36,76,100,8.13,TK,1736750306
139,zaozersk,69.4005,32.4476,-8.41,86,99,3.49,RU,1736750308
140,summerside,46.3959,-63.7876,-3.93,100,100,3.09,CA,1736750189
141,uturoa,-16.7333,-151.4333,26.16,89,100,10.75,PF,1736750310
142,mejit,10.2753,170.8646,26.68,78,100,10.33,MH,1736750312
143,kabalo,-6.05,26.9167,25.7,78,100,1.53,CD,1736750313
144,gargalianoi,37.0667,21.6333,12.97,86,100,5.13,GR,1736750314
145,pisco,-13.7,-76.2167,21.03,78,0,0.51,PE,1736750316
146,motygino,58.1831,94.7592,-17.24,95,100,2.62,RU,1736750317
147,whitehorse,60.7161,-135.0538,2.43,69,75,8.75,CA,1736750318
148,ancud,-41.8697,-73.8203,8.35,84,37,2.66,CL,1736750232
149,palu,-0.8917,119.8707,29.11,84,97,1.84,ID,1736750321
150,lewiston orchards,46.3804,-116.9754,3.26,86,100,1.54,US,1736750322
151,pyin oo lwin,22.0333,96.4667,21.99,42,1,2.44,MM,1736750324
152,carbonear,47.7332,-53.2148,0.19,89,100,9.02,CA,1736750325
153,lompoc,34.6391,-120.4579,5.63,81,0,2.06,US,1736750326
154,mpika,-11.8343,31.4529,20.5,76,100,0.64,ZM,1736750328
155,asahikawa,43.7678,142.3703,-5.44,93,75,2.06,JP,1736750329
156,port lincoln,-34.7333,135.8667,23.57,61,0,7.54,AU,1736750174
157,idabel,33.8957,-94.8263,3.26,87,0,6.17,US,1736750326
158,kone,-21.0595,164.8658,26.31,69,98,0.17,NC,1736750333
159,kabansk,52.0486,106.6528,-11.49,79,100,5.68,RU,1736750334
160,sussex,41.1834,-74.6663,-0.33,76,100,1.54,US,1736750336
161,tofol,5.3248,163.0078,29.88,74,75,3.09,FM,1736750337
162,la passe,45.5549,-0.8967,-0.03,82,6,5.11,FR,1736750338
163,port pirie,-33.1833,138.0167,31.03,26,0,8.0,AU,1736750340
164,aripuana,-9.1667,-60.6333,22.57,99,100,0.26,BR,1736750341
165,ichchapuram,19.1167,84.7,25.92,47,0,2.94,IN,1736750342
166,fortuna,40.5982,-124.1573,7.74,80,0,6.17,US,1736750344
167,severo-yeniseyskiy,60.3725,93.0408,-17.94,93,100,3.73,RU,1736750345
168,rumyantsevo,55.9728,36.5342,-3.77,94,90,2.3,RU,1736750346
169,arraial do cabo,-22.9661,-42.0278,23.22,75,9,1.39,BR,1736750347
170,longboat key,27.4125,-82.659,13.34,50,0,4.12,US,1736750349
171,xiaoshi,41.2971,124.1209,-3.24,58,72,2.6,CN,1736750350
172,alotau,-10.3069,150.4462,27.73,89,100,0.55,PG,1736750351
173,taltal,-25.4,-70.4833,18.55,84,1,0.76,CL,1736750353
174,harper,4.375,-7.7169,26.3,80,100,1.83,LR,1736750355
175,vorgashor,67.5833,63.95,-17.35,94,100,6.9,RU,1736750356
176,forres,57.6113,-3.6108,11.94,75,75,8.23,GB,1736750357
177,choibalsan,48.0667,114.5,-8.84,43,92,6.14,MN,1736750359
178,lazaro cardenas,17.9583,-102.2,22.3,87,0,1.98,MX,1736750361
179,eyl,7.9803,49.8164,26.81,52,19,9.45,SO,1736750362
180,shingu,33.7333,135.9833,8.88,56,7,4.63,JP,1736750355
181,puerto leguizamo,-0.1934,-74.7819,20.79,82,100,0.95,CO,1736750364
182,tamanrasset,22.785,5.5228,5.95,22,0,2.57,DZ,1736750366
183,imbituba,-28.24,-48.6703,17.76,87,0,1.77,BR,1736750174
184,lumphat,13.4878,106.9816,30.55,33,15,3.65,KH,1736750369
185,falam,22.9167,93.6833,24.36,21,0,0.36,MM,1736750370
186,thompson,55.7435,-97.8558,-23.91,77,40,2.57,CA,1736750371
187,hawaiian paradise park,19.5933,-154.9731,20.73,96,75,2.06,US,1736750373
188,belmonte,-15.8631,-38.8828,23.6,96,42,3.29,BR,1736750375
189,sawa sawa,-4.4717,39.4846,27.31,75,74,6.38,KE,1736750376
190,pursat,12.3333,103.6667,25.4,38,43,1.78,KH,1736750377
191,portland,45.5234,-122.6762,4.69,95,0,0.89,US,1736750157
192,abeche,13.8292,20.8324,20.13,19,8,4.72,TD,1736750381
193,manta,-0.95,-80.7333,25.88,78,75,5.14,EC,1736750211
194,wewak,-3.5534,143.6268,28.84,71,99,2.64,PG,1736750384
195,severnoye,56.3491,78.3619,-9.75,96,100,4.62,RU,1736750385
196,san pedro pochutla,15.7333,-96.4667,23.73,74,10,1.37,MX,1736750386
197,yambio,4.5721,28.3955,26.48,21,100,3.82,SS,1736750388
198,chibuto,-24.6867,33.5306,24.07,93,100,3.26,MZ,1736750389
199,port alfred,-33.5906,26.891,17.88,98,100,6.98,ZA,1736750391
200,uliastay,47.7417,96.8444,-17.24,85,1,0.71,MN,1736750392
201,sigli,5.3848,95.9609,25.55,87,100,4.07,ID,1736750394
202,la ronge,55.1001,-105.2842,-25.86,76,100,1.03,CA,1736750395
203,rikaze,29.25,88.8833,-0.1,21,100,1.88,CN,1736750396
204,flying fish cove,-10.4217,105.6791,28.82,78,75,3.6,CX,1736750398
205,businga,3.3333,20.8833,27.21,26,83,2.27,CD,1736750399
206,hithadhoo,-0.6,73.0833,27.53,74,5,3.87,MV,1736750400
207,hecun,36.5333,114.1111,12.02,17,0,4.98,CN,1736750402
208,kasangulu,-4.5911,15.1708,24.56,87,100,1.44,CD,1736750403
209,enewetak,11.3474,162.3373,27.32,74,6,9.77,MH,1736750405
210,nadym,65.5333,72.5167,-14.05,92,100,3.11,RU,1736750406
211,puerto ayora,-0.7393,-90.3518,23.08,100,92,3.84,EC,1736750407
212,altamira,-3.2033,-52.2064,22.75,97,100,1.52,BR,1736750409
213,orsa,54.5153,30.4053,-3.04,90,91,4.49,BY,1736750410
214,newman,37.3138,-121.0208,5.03,53,4,0.94,US,1736750147
215,qamdo,31.1667,97.2333,-0.09,23,100,4.28,CN,1736750412
216,al buraymi,24.2509,55.7931,20.68,60,2,0.51,OM,1736750414
217,berezovyy,51.6667,135.7,-22.3,100,93,0.8,RU,1736750415
218,port saint john's,-31.6229,29.5448,21.0,87,100,4.57,ZA,1736750416
219,karratha,-20.7377,116.8463,33.62,55,99,6.61,AU,1736750293
220,chom thong,18.4174,98.6743,26.47,34,0,1.77,TH,1736750419
221,cinisi,38.1562,13.1073,10.14,87,75,5.14,IT,1736750420
222,kavaratti,10.5669,72.642,27.69,72,62,4.49,IN,1736750422
223,awjilah,29.1081,21.2869,14.14,43,98,5.29,LY,1736750423
224,nar'yan-mar,67.6713,53.087,-12.93,95,72,7.94,RU,1736750424
225,aasiaat,68.7098,-52.8699,-26.68,98,100,3.89,GL,1736750426
226,sayat,38.7839,63.8803,9.96,30,7,5.77,TM,1736750358
227,phillip island,-38.4835,145.231,18.69,85,100,7.1,AU,1736750428
228,denov,38.2667,67.9,12.83,14,0,2.16,UZ,1736750430
229,saint-georges,12.0564,-61.7485,24.82,78,20,0.0,GD,1736750431
230,wanning,18.8003,110.3967,20.8,67,97,4.99,CN,1736750432
231,muli,2.9167,73.5667,27.43,74,98,3.35,MV,1736750434
232,rio gallegos,-51.6226,-69.2181,6.03,65,0,8.23,AR,1736750436
233,chifeng,42.2683,118.9636,-2.88,25,0,6.21,CN,1736750439
234,cascais,38.6979,-9.4215,11.42,71,12,4.3,PT,1736750440
235,pamukkale,37.9164,29.1173,13.14,77,100,0.87,TR,1736750442
236,rehoboth,-23.3167,17.0833,26.45,19,7,3.71,NA,1736750443
237,novodvinsk,64.4165,40.8122,-11.14,97,83,2.13,RU,1736750444
238,santa ana,33.7456,-117.8678,15.91,21,0,3.58,US,1736750446
239,fort mcmurray,56.7268,-111.381,-12.23,85,100,2.06,CA,1736750447
240,onega,63.9061,38.1404,-14.42,98,100,1.7,RU,1736750448
241,kas,36.2018,29.6377,15.93,75,0,4.11,TR,1736750450
242,lorengau,-2.0226,147.2712,29.5,72,41,2.53,PG,1736750451
243,saldanha,-33.0117,17.9442,20.03,64,0,1.61,ZA,1736750453
244,concepcion,-36.827,-73.0498,15.89,77,0,4.63,CL,1736749885
245,sydney,-33.8679,151.2073,29.94,61,75,8.75,AU,1736750333
246,biankouma,7.7391,-7.6138,17.16,29,5,0.91,CI,1736750457
247,anadyr,64.75,177.4833,-23.72,76,75,14.0,RU,1736750458
248,okha,53.5739,142.9478,-20.29,100,83,3.74,RU,1736750459
249,nanma,36.1817,118.1583,5.53,35,0,3.06,CN,1736750460
250,hamilton,39.1834,-84.5333,2.69,82,100,3.6,US,1736750204
251,snyder,32.7179,-100.9176,1.19,69,0,3.09,US,1736750463
252,remire-montjoly,4.9167,-52.2667,26.02,83,75,3.09,GF,1736750465
253,vilyuchinsk,52.9306,158.4028,-8.85,79,3,4.45,RU,1736750467
254,smithers,54.7804,-127.1743,-2.82,100,100,2.57,CA,1736750469
255,barcelos,41.5388,-8.6151,7.38,79,24,2.63,PT,1736750375
256,arno,60.1167,18.6333,-2.95,91,100,6.78,SE,1736750471
257,kapuskasing,49.4169,-82.4331,-10.0,85,100,3.6,CA,1736750473
258,santa ines,-3.6667,-45.38,22.7,99,77,1.26,BR,1736750474
259,talnakh,69.4865,88.3972,-18.67,97,100,6.45,RU,1736750475
260,masterton,-40.9597,175.6575,13.7,65,0,3.52,NZ,1736750477
261,inhambane,-23.865,35.3833,28.99,79,75,3.09,MZ,1736750478
262,mount isa,-20.7333,139.5,32.87,49,20,9.77,AU,1736750479
263,uglegorsk,49.0833,142.0333,-5.87,90,97,1.45,RU,1736750480
264,sangkhla buri,15.1555,98.4536,30.19,22,0,2.14,TH,1736750482
265,ponta delgada,37.7333,-25.6667,18.44,94,75,5.14,PT,1736750437
266,sur,22.5667,59.5289,22.84,44,0,2.64,OM,1736750484
267,illapel,-31.6308,-71.1653,15.81,86,58,1.53,CL,1736750486
268,kazanlak,42.6167,25.4,-1.65,98,100,2.19,BG,1736750487
269,acapulco de juarez,16.8634,-99.8901,23.9,78,75,2.57,MX,1736750488
270,borovnica,45.9158,14.3631,-3.69,84,7,3.69,SI,1736750318
271,angaur state,6.906,134.13,28.79,78,24,9.75,PW,1736750491
272,selfoss,63.9331,-20.9971,2.8,96,100,2.07,IS,1736750493
273,zhoukou,33.6333,114.6333,14.78,25,100,3.39,CN,1736750494
274,el salto,20.3333,-104.5,9.88,85,100,1.84,MX,1736750495
275,kuraymah,18.55,31.85,18.92,35,0,6.98,SD,1736750497
276,aoulef,26.9667,1.0833,14.12,46,0,3.56,DZ,1736750498
277,gizo,-8.103,156.8419,29.53,71,61,2.03,SB,1736750499
278,lautoka,-17.6167,177.4667,29.92,51,20,4.12,FJ,1736750501
279,bochum,51.4833,7.2167,-2.25,95,12,1.5,DE,1736750502
280,pacific grove,36.6177,-121.9166,9.8,76,0,3.6,US,1736750307
281,nykvarn,59.8,18.3,-3.01,92,100,4.77,SE,1736750504
282,koutiala,12.3917,-5.4642,19.79,21,68,3.15,ML,1736750506
283,antofagasta,-23.65,-70.4,20.6,86,0,0.42,CL,1736750292
284,broken hill,-31.95,141.4333,38.64,12,0,5.33,AU,1736750508
285,sao vicente,-23.9631,-46.3919,20.55,26,58,1.84,BR,1736750510
286,cooper's town,26.8667,-77.5167,20.28,60,0,2.29,BS,1736750512
287,nouna,12.7333,-3.8667,18.92,23,68,2.84,BF,1736750513
288,st. john's,47.5649,-52.7093,0.44,90,100,8.94,CA,1736750516
289,punta del este,-34.9667,-54.95,19.37,87,0,2.68,UY,1736750517
290,crane,31.3974,-102.3501,4.06,53,4,5.03,US,1736750518
291,alice springs,-23.7,133.8833,39.75,11,45,3.09,AU,1736750521
292,atherton,53.5237,-2.4935,4.08,87,100,2.24,GB,1736750522
293,igrim,63.1906,64.4162,-2.13,97,100,3.49,RU,1736750524
294,palora,-1.7,-77.9333,19.58,89,90,1.24,EC,1736750525
295,margate,51.3813,1.3862,3.72,88,44,3.88,GB,1736750526
296,safford,32.834,-109.7076,2.51,30,0,3.6,US,1736750375
297,pelabuhanratu,-6.9875,106.5514,28.88,71,10,3.48,ID,1736750529
298,popondetta,-8.7537,148.2534,26.16,93,100,0.29,PG,1736750531
299,guerrero negro,27.9769,-114.0611,12.53,33,6,3.41,MX,1736750532
300,ola,59.5833,151.2833,-25.79,84,20,3.22,RU,1736750533
301,klyuchi,52.2667,79.1667,-10.16,93,41,2.87,RU,1736750536
302,hasaki,35.7333,140.8333,11.39,35,0,7.35,JP,1736750537
303,teknaf,20.8624,92.3058,25.26,49,0,5.68,BD,1736750539
304,naze,28.3667,129.4833,15.51,51,73,3.9,JP,1736750540
305,champua,22.0833,85.6667,26.43,26,0,2.47,IN,1736750541
306,horta,38.5333,-28.6333,18.34,95,100,8.49,PT,1736750542
307,kudahuvadhoo,2.6708,72.8944,27.38,68,100,1.49,MV,1736750544
308,xining,36.6167,101.7667,-1.92,20,0,2.27,CN,1736750545
309,beytussebap,37.5694,43.1681,0.4,69,0,2.12,TR,1736750547
310,freeport,40.6576,-73.5832,2.81,69,75,3.6,US,1736750503
311,cheremukhovo,60.3484,59.9851,-5.29,94,100,1.46,RU,1736750549
312,alesund,62.4723,6.1549,7.08,70,75,13.38,NO,1736750551
313,kapa'a,22.0752,-159.319,23.18,93,75,5.66,US,1736750552
314,watford city,47.8022,-103.2832,-23.08,92,1,2.57,US,1736750554
315,kilju,40.9642,129.3278,-0.82,68,100,1.14,KP,1736750555
316,brookings,44.3114,-96.7984,-16.08,82,0,4.12,US,1736750382
317,barah,13.7,30.3667,20.2,22,12,6.19,SD,1736750558
318,gadzhiyevo,69.2551,33.3362,-7.98,86,100,4.23,RU,1736750559
319,auki,-8.7676,160.7034,27.46,82,22,1.92,SB,1736750561
320,geraldton,-28.7667,114.6,28.23,57,99,8.23,AU,1736750562
321,vilyuysk,63.7553,121.6247,-25.42,98,100,2.08,RU,1736750564
322,santa cruz,-17.8,-63.1667,22.7,88,40,2.57,BO,1736750279
323,lhasa,29.65,91.1,1.84,26,89,3.07,CN,1736750566
324,pitimbu,-7.4706,-34.8086,25.24,86,72,3.18,BR,1736750339
325,kayangel,8.0823,134.7173,28.61,78,11,9.5,PW,1736750569
326,lospalos,-8.5186,127.0025,28.95,63,100,2.65,TL,1736750570
327,tacna,-18.0056,-70.2483,17.11,77,0,2.06,PE,1736750556
328,ingeniero jacobacci,-41.3427,-69.5448,15.42,52,100,5.8,AR,1736750573
329,prado,-17.3411,-39.2208,23.18,96,73,2.44,BR,1736750345
330,isiro,2.7739,27.616,25.71,28,100,2.46,CD,1736750575
331,kilindoni,-7.9139,39.6668,27.75,82,100,8.55,TZ,1736750577
332,magumeri,12.1131,12.8274,17.44,43,54,3.54,NG,1736750578
333,nuku'alofa,-21.1333,-175.2,27.19,69,20,2.57,TO,1736750579
334,gaspe,48.8334,-64.4819,-3.88,80,100,3.6,CA,1736750581
335,yuci,37.6803,112.7319,5.86,24,0,4.0,CN,1736750582
336,mirante do paranapanema,-22.2919,-51.9064,20.52,74,14,5.25,BR,1736750584
337,nuuk,64.1835,-51.7216,-12.66,72,5,10.29,GL,1736750585
338,carnarvon,-24.8667,113.6333,28.18,59,0,9.5,AU,1736750586
339,tyukhtet,56.5389,89.3011,-12.46,93,98,3.44,RU,1736750587
340,shalkar,47.8288,59.6258,-4.22,86,80,3.07,KZ,1736750589
341,viitasaari,63.0667,25.8667,-5.87,94,100,2.72,FI,1736750591
342,queenstown,-31.8976,26.8753,15.91,84,99,2.72,ZA,1736750593
343,northam,51.0333,-4.2167,4.89,80,100,1.79,GB,1736750594
344,verkhnevilyuysk,63.4453,120.3167,-25.65,98,100,1.95,RU,1736750595
345,arvayheer,46.2639,102.775,-14.51,44,100,8.26,MN,1736750597
346,yajiwa,11.3839,12.7236,17.82,46,78,3.05,NG,1736750598
347,kinablangan,7.6947,126.5503,25.42,89,100,1.94,PH,1736750599
348,vizinga,61.0749,50.1031,-2.75,97,100,2.51,RU,1736750601
349,labytnangi,66.6572,66.4183,-16.12,90,100,2.67,RU,1736750602
350,i-n-salah,27.1935,2.4607,13.79,44,0,4.16,DZ,1736750603
351,usinsk,65.9939,57.5281,-15.28,88,99,5.98,RU,1736750605
352,el calafate,-50.3408,-72.2768,5.78,75,4,1.62,AR,1736750608
353,greymouth,-42.4667,171.2,18.01,72,42,3.44,NZ,1736750609
354,mullsjo,63.7,19.7,-2.54,87,100,4.82,SE,1736750610
355,rudsar,37.1376,50.288,13.68,69,6,0.76,IR,1736750612
356,kokoda,-8.8785,147.7407,26.26,93,100,0.37,PG,1736750613
357,castillos,-34.1667,-53.8333,15.57,91,11,1.3,UY,1736750614
358,puerto real,36.5282,-6.1901,7.09,87,0,3.09,ES,1736750616
359,san patricio,28.017,-97.5169,10.97,56,96,5.5,US,1736750617
360,sechura,-5.5569,-80.8222,20.95,81,69,3.91,PE,1736750619
361,sulak,43.2734,47.5146,6.81,79,0,3.96,RU,1736750620
362,monrovia,6.3005,-10.7969,24.65,84,14,1.62,LR,1736750621
363,urengoy,65.9667,78.3667,-12.18,97,100,3.26,RU,1736750623
364,argo,37.6333,22.7333,7.05,91,100,4.83,GR,1736750621
365,holualoa,19.6228,-155.9522,21.42,86,58,1.35,US,1736750625
366,sinabang,2.4803,96.3801,23.78,96,100,0.57,ID,1736750626
367,mae hong son,19.3003,97.9685,24.08,46,20,1.54,TH,1736750628
368,luganville,-15.5333,167.1667,26.6,78,80,0.53,VU,1736750629
369,new plymouth,-39.0667,174.0833,16.84,100,0,4.07,NZ,1736750631
370,shakawe,-18.3667,21.85,22.05,88,100,1.12,BW,1736750632
371,heihe,50.2441,127.4902,-21.68,95,100,1.93,CN,1736750633
372,opuwo,-18.0607,13.84,26.68,33,26,0.66,NA,1736750635
373,cruz,-2.9178,-40.1717,24.18,91,81,1.89,BR,1736750637
374,brenham,30.1669,-96.3977,6.73,69,0,3.6,US,1736750638
375,banda aceh,5.5577,95.3222,25.02,87,100,4.7,ID,1736750640
376,saint peters,38.8003,-90.6265,-1.96,64,0,6.17,US,1736750540
377,polyarnyy,69.1989,33.4478,-7.85,85,100,4.27,RU,1736750642
378,masuguru,-11.3667,38.4167,24.27,88,100,1.04,TZ,1736750643
379,ishinomaki,38.4167,141.3,5.53,63,6,8.56,JP,1736750645
380,stornoway,58.2093,-6.3865,10.98,95,75,11.32,GB,1736750646
381,horsham,51.064,-0.3272,4.41,85,75,1.03,GB,1736750647
382,veraval,20.9,70.3667,25.57,39,0,6.64,IN,1736750650
383,nema,57.5067,50.5011,-6.48,96,100,2.39,RU,1736750651
384,karymskoye,51.6167,114.35,-11.61,83,90,3.14,RU,1736750653
385,yellandu,17.6,80.3333,30.01,33,1,2.21,IN,1736750654
386,akalkot,17.5333,76.2167,28.73,36,91,3.91,IN,1736750655
387,taranto,40.6167,17.25,6.22,92,100,2.24,IT,1736750644
388,palo alto,37.4419,-122.143,10.05,58,0,0.45,US,1736750659
389,acarau,-2.8856,-40.12,24.87,89,82,2.31,BR,1736750661
390,revda,56.801,59.9303,-3.57,76,100,1.28,RU,1736750663
391,kirensk,57.7853,108.1119,-23.25,93,99,1.77,RU,1736750664
392,tromso,69.6496,18.957,2.01,93,75,7.2,NO,1736750426
393,flin flon,54.7682,-101.865,-29.73,100,11,1.41,CA,1736750667
394,kisangani,0.5167,25.2,28.27,33,100,1.83,CD,1736750668
395,sept-iles,50.2001,-66.3821,-8.0,82,20,3.6,CA,1736750601
396,port douglas,-16.4833,145.4667,29.5,69,38,1.69,AU,1736750672
397,kill devil hills,36.0307,-75.676,0.55,82,0,1.54,US,1736750676
398,macusani,-14.0833,-70.4333,2.74,66,66,2.11,PE,1736750678
399,santana,-0.0583,-51.1817,25.1,94,40,2.06,BR,1736750679
400,tchibanga,-2.85,11.0333,23.8,94,100,0.86,GA,1736750680
401,la romana,18.4273,-68.9728,20.19,88,1,4.13,DO,1736750682
402,jalai nur,49.45,117.7,-17.07,89,90,1.73,CN,1736750683
403,nemuro,43.3236,145.575,-0.84,71,100,4.29,JP,1736750686
404,quellon,-43.1167,-73.6167,8.39,81,46,2.7,CL,1736750687
405,zaysan,47.4667,84.8667,-11.88,93,88,1.69,KZ,1736750688
406,malinyi,-8.9333,36.1333,27.88,71,100,0.57,TZ,1736750690
407,yuzhno-kurilsk,44.0306,145.8556,-2.31,84,100,2.2,RU,1736750691
408,ajka,47.102,17.5589,-0.53,75,12,7.32,HU,1736750692
409,cabinda,-5.55,12.2,27.08,94,75,0.0,AO,1736750694
410,segezha,63.7415,34.3222,-13.09,96,67,2.6,RU,1736750612
411,turkestan,43.3333,68.25,3.29,44,0,0.46,KZ,1736750696
412,ghat,24.9647,10.1728,12.73,38,98,2.47,LY,1736750698
413,yeppoon,-23.1333,150.7333,26.53,78,54,6.28,AU,1736750699
414,sabang,5.8933,95.3214,26.62,84,100,9.32,ID,1736750700
415,farmington,36.7281,-108.2187,-3.62,58,0,3.09,US,1736750702
416,diekirch,49.8678,6.1558,-1.99,88,6,1.99,LU,1736750703
417,porto velho,-8.7619,-63.9039,25.03,94,20,1.03,BR,1736750705
418,minot air force base,48.4209,-101.3391,-20.9,77,0,7.2,US,1736750706
419,itaituba,-4.2761,-55.9836,23.4,97,40,0.67,BR,1736750709
420,turpan,42.9333,89.1667,2.13,36,9,1.22,CN,1736750710
421,namibe,-15.1961,12.1522,21.67,79,55,2.41,AO,1736750711
422,cabo san lucas,22.8909,-109.9124,17.09,61,0,2.61,MX,1736750713
423,pukchil-lodongjagu,40.2019,125.7483,-6.14,77,100,1.42,KP,1736750714
424,novoazovs'k,47.1139,38.086,1.47,88,100,4.65,UA,1736750715
425,ouesso,1.6136,16.0517,25.78,41,100,1.33,CG,1736750717
426,mahina,-17.5065,-149.489,26.87,83,75,6.17,PF,1736750718
427,al kharijah,25.4514,30.5464,15.8,49,9,2.51,EG,1736750719
428,priego de cordoba,37.4381,-4.1952,3.34,61,1,1.8,ES,1736750720
429,bonthe,7.5264,-12.505,22.6,81,4,1.93,SL,1736750723
430,sete lagoas,-19.4658,-44.2467,17.84,95,38,2.41,BR,1736750725
431,zeya,53.75,127.2667,-20.13,94,100,0.98,RU,1736750726
432,walvis bay,-22.9575,14.5053,17.98,81,23,2.4,NA,1736750727
433,san luis de la loma,17.2706,-100.8939,22.93,81,2,1.45,MX,1736750728
434,sault ste. marie,46.5168,-84.3333,-0.84,93,100,1.54,CA,1736750592
435,mao,39.8885,4.2658,8.31,76,20,11.83,ES,1736750731
436,luba,3.4568,8.5547,26.92,80,77,1.97,GQ,1736750732
437,susuman,62.7833,148.1667,-43.05,100,91,0.42,RU,1736750734
438,pingliang,35.5392,106.6861,6.53,19,5,2.46,CN,1736750735
439,scottburgh,-30.2867,30.7532,22.18,85,100,3.13,ZA,1736750736
440,nyahururu,0.0421,36.3673,17.36,60,99,4.32,KE,1736750738
441,waynesville,35.4887,-82.9887,-3.27,66,62,3.13,US,1736750739
442,swift current,50.2834,-107.8014,-7.55,93,100,5.14,CA,1736750740
443,palmer,42.1584,-72.3287,-0.97,79,100,0.0,US,1736750742
444,aleksandrow kujawski,52.8766,18.6935,-6.16,97,40,1.36,PL,1736750743
445,umluj,25.0213,37.2685,23.99,29,0,3.19,SA,1736750744
446,bereket,39.2446,55.5154,11.44,37,100,1.82,TM,1736750745
447,yulinshi,38.2906,109.7494,0.39,32,11,2.12,CN,1736750747
448,howard springs,-12.497,131.047,27.68,64,100,4.18,AU,1736750748
449,meulaboh,4.1363,96.1285,25.5,88,100,2.38,ID,1736750749
450,varna,43.2167,27.9167,1.08,75,0,2.57,BG,1736750462
451,el alto,-4.2714,-81.2147,21.46,77,100,4.85,PE,1736750752
452,turbat,26.0023,63.044,22.64,36,0,3.98,PK,1736750753
453,puerto baquerizo moreno,-0.9,-89.6,23.44,88,65,4.04,EC,1736750755
454,akot,21.0964,77.0586,26.49,39,0,0.91,IN,1736750756
455,spring valley,36.108,-115.245,6.66,30,20,4.12,US,1736750757
456,osakarovka,50.565,72.5692,-6.38,75,5,2.12,KZ,1736750759
457,kukshi,22.2,74.75,23.75,30,0,3.13,IN,1736750760
458,sao joao de pirabas,-0.7747,-47.1772,23.72,93,97,2.37,BR,1736750761
459,torrington,41.8007,-73.1212,0.11,78,100,0.9,US,1736750583
460,frontera,26.9333,-101.45,9.94,58,99,0.45,MX,1736750764
461,sparti,37.0733,22.4297,12.75,96,100,3.37,GR,1736750765
462,rio de janeiro,-22.9028,-43.2075,22.98,83,75,2.06,BR,1736750529
463,tangalle,6.024,80.7911,29.58,67,50,5.01,LK,1736750768
464,serres,41.0856,23.5497,0.37,93,100,1.63,GR,1736750769
465,bamboo flat,11.7,92.7167,28.05,69,75,3.09,IN,1736750770
466,chakulia,22.4833,86.7167,27.59,26,0,1.88,IN,1736750772
467,sodra sandby,56.5667,16.6167,-5.06,82,100,5.6,SE,1736750773
468,westport,41.1415,-73.3579,1.87,70,100,2.06,US,1736750501
469,glace bay,46.1969,-59.957,-1.23,86,75,5.81,CA,1736750776
470,rawson,-43.3002,-65.1023,19.16,20,0,7.2,AR,1736750777
471,solnechniy,56.5438,48.4044,-4.08,96,100,2.66,RU,1736750778
472,goba,7.0167,39.9833,15.57,46,0,2.54,ET,1736750780
473,the pas,53.8251,-101.2541,-27.99,76,0,1.54,CA,1736750781
474,kamareddi,18.3167,78.35,27.55,36,100,3.5,IN,1736750782
475,el haouaria,37.05,11.0144,11.01,63,99,9.96,TN,1736750784
476,peterhead,57.5058,-1.7981,8.4,92,100,9.57,GB,1736750785
477,djibouti,11.5,42.5,23.49,58,55,7.2,DJ,1736750786
478,dodge city,37.7528,-100.0171,-2.64,86,5,1.34,US,1736750789
479,roma,43.2128,-75.4557,-2.41,89,75,2.57,US,1736750790
480,pergamino,-33.89,-60.5736,17.96,68,0,3.29,AR,1736750791
481,hilo,19.7297,-155.09,21.94,91,75,2.06,US,1736750793
482,kununurra,-15.7667,128.7333,25.99,94,75,11.83,AU,1736750794
483,aktau,43.65,51.2,5.32,70,100,1.05,KZ,1736750795
484,south cleveland,35.1412,-84.8722,-0.97,95,0,0.0,US,1736750797
485,moyale,3.5167,39.0584,27.97,28,55,8.52,KE,1736750798
486,port-vila,-17.7338,168.3219,26.78,83,75,2.06,VU,1736750730
487,danjiangkou,32.5428,111.5086,13.9,27,99,0.61,CN,1736750801
488,palikir - national government center,6.9248,158.1611,27.77,77,94,10.79,FM,1736750802
489,khanty-mansiysk,61.0042,69.0019,-3.94,86,75,6.0,RU,1736750803
490,horodyshche,49.2849,31.4451,-1.67,84,15,2.72,UA,1736750805
491,newborough,52.6389,-0.2233,2.49,91,100,4.63,GB,1736750806
492,muroto-misakicho,33.2833,134.15,10.99,54,0,7.23,JP,1736750807
493,zonguldak,41.25,31.8333,5.11,97,100,1.68,TR,1736750809
494,vorkuta,67.5,64.0,-17.0,94,100,6.97,RU,1736750810
495,huarmey,-10.0681,-78.1522,20.97,85,92,2.73,PE,1736750811
496,hukkyo-ri,38.7986,125.7919,2.57,56,97,2.09,KP,1736750814
497,helena-west helena,34.5291,-90.59,5.95,92,100,2.84,US,1736750815
498,manaure,11.7751,-72.4445,26.02,80,47,7.09,CO,1736750816
499,brezina,33.0989,1.2608,3.61,64,5,4.85,DZ,1736750818
500,santarem,-2.4431,-54.7083,26.07,94,40,2.06,BR,1736750819
501,ayancik,41.9447,34.5861,8.84,94,100,4.56,TR,1736750820
502,coyhaique,-45.5752,-72.0662,2.98,96,7,2.84,CL,1736750777
503,camayenne,9.535,-13.6878,23.05,88,13,2.06,GN,1736750823
504,vanimo,-2.6741,141.3028,28.94,71,98,1.95,PG,1736750824
505,urangan,-25.3,152.9,26.67,72,16,7.86,AU,1736750826
506,thunder bay,48.4001,-89.3168,-12.01,72,100,6.69,CA,1736750827
507,deshnoke,27.8,73.35,18.3,41,13,3.35,IN,1736750828
508,ust-tsilma,65.441,52.1498,-17.0,95,90,2.27,RU,1736750830
509,l'isle-jourdain,43.6144,1.0817,-2.04,89,6,3.12,FR,1736750831
510,khandyga,62.6667,135.6,-22.48,100,100,0.42,RU,1736750832
511,fort bragg,35.139,-79.006,-1.16,84,100,0.0,US,1736750834
512,lusambo,-4.9667,23.45,28.0,64,96,1.36,CD,1736750835
513,bel ombre,-4.6167,55.4167,26.43,71,49,3.07,SC,1736750836
514,st. paul,44.9444,-93.0933,-17.37,75,0,6.69,US,1736750484
515,saint-philippe,-21.3585,55.7679,27.93,66,0,5.6,RE,1736750839
516,chust,41.0094,71.2287,4.66,28,0,1.36,UZ,1736750842
517,bandar lampung,-5.4254,105.258,28.33,78,62,0.8,ID,1736750843
518,jalqani,12.4486,34.2186,26.2,38,6,3.75,SD,1736750845
519,jackson,42.4165,-122.8345,1.03,92,0,2.06,US,1736750575
520,mugia,43.1041,-9.2179,4.95,61,100,5.03,ES,1736750847
521,tobruk,32.0836,23.9764,13.9,56,87,8.24,LY,1736750849
522,letlhakeng,-24.0944,25.0298,25.39,63,100,3.52,BW,1736750850
523,leava,-14.3,-178.1667,27.8,73,20,5.87,WF,1736750852
524,wakimachi,34.0667,134.15,7.9,82,100,2.79,JP,1736750853
525,turki,51.987,43.2731,-3.04,93,72,3.81,RU,1736750855
526,lata,40.1629,-8.3327,3.98,73,100,2.57,PT,1736750856
527,svetlograd,45.3353,42.8547,7.71,67,100,2.72,RU,1736750857
528,that phanom,16.9364,104.7104,26.28,25,1,6.19,TH,1736750858
529,quelimane,-17.8786,36.8883,29.97,84,75,4.12,MZ,1736750860
530,fort st. john,56.2499,-120.8529,-0.06,59,20,4.12,CA,1736750861
531,onguday,50.75,86.15,-10.33,90,41,1.4,RU,1736750862
532,salinopolis,-0.6136,-47.3561,25.61,84,70,5.1,BR,1736750864
533,shimoda,34.6667,138.95,10.94,50,0,4.91,JP,1736750865
534,timbuktu,16.7735,-3.0074,18.3,18,74,3.3,ML,1736750866
535,sanming,26.2486,117.6186,18.73,19,0,1.65,CN,1736750869
536,zaragoza,41.6561,-0.8773,2.25,54,0,10.29,ES,1736750853
537,derzhavinsk,51.1,66.3167,-7.44,79,28,2.02,KZ,1736750873
538,chonchi,-42.6128,-73.8092,7.84,90,60,1.28,CL,1736750784
539,paradip garh,20.3167,86.6167,25.67,39,0,1.97,IN,1736750876
540,ayorou,14.7308,0.9174,16.1,25,37,3.9,NE,1736750877
541,oriximina,-1.7656,-55.8661,24.62,76,24,1.97,BR,1736750878
542,amarillo,35.222,-101.8313,-3.31,82,0,3.6,US,1736750400
543,shar'ya,58.3686,45.5144,-2.46,97,100,2.77,RU,1736750882
544,novomoskovs'k,48.6167,35.2,-0.24,80,10,1.56,UA,1736750884
545,side,36.7667,31.3885,16.9,75,33,6.54,TR,1736750885
546,santa terezinha,-29.9002,-50.0904,21.39,74,69,4.28,BR,1736750886
547,dunedin,-45.8742,170.5036,13.06,71,14,5.66,NZ,1736750888
548,dudinka,69.4058,86.1778,-18.66,94,100,10.21,RU,1736750889
549,batken,39.8333,71.0,1.77,49,0,1.39,KG,1736750890
550,rudnichnyy,59.617,52.4703,-7.16,93,100,2.54,RU,1736750892
551,cockburn town,21.4612,-71.1419,24.94,65,100,3.93,TC,1736750664
552,olinda,-8.0089,-34.8553,23.85,94,75,5.66,BR,1736750729
553,sitka,57.0531,-135.33,7.94,93,100,6.69,US,1736750896
554,eduardo castex,-35.915,-64.2945,23.79,33,0,5.68,AR,1736750897
555,barguzin,53.6167,109.6167,-14.78,96,100,3.96,RU,1736750898
556,kainantu,-6.2887,145.8655,21.21,83,96,0.9,PG,1736750900
557,enriquillo,17.9,-71.2333,21.62,85,3,3.29,DO,1736750901
558,bhamo,24.2667,97.2333,28.59,35,0,0.72,MM,1736750902
559,san miguel de cauri,-10.1,-76.5833,7.23,89,100,0.69,PE,1736750904
560,pionerskiy,54.9508,20.2275,-5.09,78,30,5.27,RU,1736750905
561,ciudad bolivar,8.1222,-63.5497,23.89,85,48,4.54,VE,1736750906
562,monte azul,-15.155,-42.8747,20.58,95,100,1.97,BR,1736750908
563,peace river,56.2501,-117.286,0.17,64,0,6.17,CA,1736750909
564,yarmouth,41.7057,-70.2286,-0.57,90,100,2.24,US,1736750910
565,khorixas,-20.3667,14.9667,24.11,27,100,0.77,NA,1736750912
566,vernon,50.2581,-119.2691,0.42,84,99,1.54,CA,1736750913
567,praia da vitoria,38.7333,-27.0667,17.14,94,40,6.12,PT,1736750915
568,mlowo,-9.0,32.9833,21.74,69,82,1.84,TZ,1736750917
569,tungi,23.89,90.4058,26.0,36,0,2.57,BD,1736750918
570,poronaysk,49.2167,143.1167,-12.53,99,85,1.82,RU,1736750919
571,zhezqazghan,47.7833,67.7667,-8.68,73,0,5.0,KZ,1736750920
572,kaa-khem,51.6833,94.7333,-16.85,92,39,0.81,RU,1736750922
573,pangai,-19.8,-174.35,27.06,65,20,3.09,TO,1736750923
574,brandon,27.9378,-82.2859,12.22,71,0,2.06,US,1736750926
575,sofifi,0.7349,127.576,26.41,87,100,5.67,ID,1736750927
576,podporozh'ye,60.9112,34.1706,-18.59,96,33,1.27,RU,1736750928
577,bikenibeu village,1.3673,173.1241,27.36,83,20,9.15,KI,1736750930
578,kenai,60.5544,-151.2583,5.05,83,100,3.6,US,1736750931
